observation_date,DJIA
2024-03-07,38791.35
2024-03-08,38722.69
2024-03-11,38769.66
2024-03-12,39005.49
2024-03-13,39043.32
2024-03-14,38905.66
2024-03-15,38714.77
2024-03-18,38790.43
2024-03-19,39110.76
2024-03-20,39512.13
2024-03-21,39781.37
2024-03-22,39475.90
2024-03-25,39313.64
2024-03-26,39282.33
2024-03-27,39760.08
2024-03-28,39807.37
2024-03-29,
2024-04-01,39566.85
2024-04-02,39170.24
2024-04-03,39127.14
2024-04-04,38596.98
2024-04-05,38904.04
2024-04-08,38892.80
2024-04-09,38883.67
2024-04-10,38461.51
2024-04-11,38459.08
2024-04-12,37983.24
2024-04-15,37735.11
2024-04-16,37798.97
2024-04-17,37753.31
2024-04-18,37775.38
2024-04-19,37986.40
2024-04-22,38239.98
2024-04-23,38503.69
2024-04-24,38460.92
2024-04-25,38085.80
2024-04-26,38239.66
2024-04-29,38386.09
2024-04-30,37815.92
2024-05-01,37903.29
2024-05-02,38225.66
2024-05-03,38675.68
2024-05-06,38852.27
2024-05-07,38884.26
2024-05-08,39056.39
2024-05-09,39387.76
2024-05-10,39512.84
2024-05-13,39431.51
2024-05-14,39558.11
2024-05-15,39908.00
2024-05-16,39869.38
2024-05-17,40003.59
2024-05-20,39806.77
2024-05-21,39872.99
2024-05-22,39671.04
2024-05-23,39065.26
2024-05-24,39069.59
2024-05-27,
2024-05-28,38852.86
2024-05-29,38441.54
2024-05-30,38111.48
2024-05-31,38686.32
2024-06-03,38571.03
2024-06-04,38711.29
2024-06-05,38807.33
2024-06-06,38886.17
2024-06-07,38798.99
2024-06-10,38868.04
2024-06-11,38747.42
2024-06-12,38712.21
2024-06-13,38647.10
2024-06-14,38589.16
2024-06-17,38778.10
2024-06-18,38834.86
2024-06-19,
2024-06-20,39134.76
2024-06-21,39150.33
2024-06-24,39411.21
2024-06-25,39112.16
2024-06-26,39127.80
2024-06-27,39164.06
2024-06-28,39118.86
2024-07-01,39169.52
2024-07-02,39331.85
2024-07-03,39308.00
2024-07-04,
2024-07-05,39375.87
2024-07-08,39344.79
2024-07-09,39291.97
2024-07-10,39721.36
2024-07-11,39753.75
2024-07-12,40000.90
2024-07-15,40211.72
2024-07-16,40954.48
2024-07-17,41198.08
2024-07-18,40665.02
2024-07-19,40287.53
2024-07-22,40415.44
2024-07-23,40358.09
2024-07-24,39853.87
2024-07-25,39935.07
2024-07-26,40589.34
2024-07-29,40539.93
2024-07-30,40743.33
2024-07-31,40842.79
2024-08-01,40347.97
2024-08-02,39737.26
2024-08-05,38703.27
2024-08-06,38997.66
2024-08-07,38763.45
2024-08-08,39446.49
2024-08-09,39497.54
2024-08-12,39357.01
2024-08-13,39765.64
2024-08-14,40008.39
2024-08-15,40563.06
2024-08-16,40659.76
2024-08-19,40896.53
2024-08-20,40834.97
2024-08-21,40890.49
2024-08-22,40712.78
2024-08-23,41175.08
2024-08-26,41240.52
2024-08-27,41250.50
2024-08-28,41091.42
2024-08-29,41335.05
2024-08-30,41563.08
2024-09-02,
2024-09-03,40936.93
2024-09-04,40974.97
2024-09-05,40755.75
2024-09-06,40345.41
2024-09-09,40829.59
2024-09-10,40736.96
2024-09-11,40861.71
2024-09-12,41096.77
2024-09-13,41393.78
2024-09-16,41622.08
2024-09-17,41606.18
2024-09-18,41503.10
2024-09-19,42025.19
2024-09-20,42063.36
2024-09-23,42124.65
2024-09-24,42208.22
2024-09-25,41914.75
2024-09-26,42175.11
2024-09-27,42313.00
2024-09-30,42330.15
2024-10-01,42156.97
2024-10-02,42196.52
2024-10-03,42011.59
2024-10-04,42352.75
2024-10-07,41954.24
2024-10-08,42080.37
2024-10-09,42512.00
2024-10-10,42454.12
2024-10-11,42863.86
2024-10-14,43065.22
2024-10-15,42740.42
2024-10-16,43077.70
2024-10-17,43239.05
2024-10-18,43275.91
2024-10-21,42931.60
2024-10-22,42924.89
2024-10-23,42514.95
2024-10-24,42374.36
2024-10-25,42114.40
2024-10-28,42387.57
2024-10-29,42233.05
2024-10-30,42141.54
2024-10-31,41763.46
2024-11-01,42052.19
2024-11-04,41794.60
2024-11-05,42221.88
2024-11-06,43729.93
2024-11-07,43729.34
2024-11-08,43988.99
2024-11-11,44293.13
2024-11-12,43910.98
2024-11-13,43958.19
2024-11-14,43750.86
2024-11-15,43444.99
2024-11-18,43389.60
2024-11-19,43268.94
2024-11-20,43408.47
2024-11-21,43870.35
2024-11-22,44296.51
2024-11-25,44736.57
2024-11-26,44860.31
2024-11-27,44722.06
2024-11-28,
2024-11-29,44910.65
2024-12-02,44782.00
2024-12-03,44705.53
2024-12-04,45014.04
2024-12-05,44765.71
2024-12-06,44642.52
2024-12-09,44401.93
2024-12-10,44247.83
2024-12-11,44148.56
2024-12-12,43914.12
2024-12-13,43828.06
2024-12-16,43717.48
2024-12-17,43449.90
2024-12-18,42326.87
2024-12-19,42342.24
2024-12-20,42840.26
2024-12-23,42906.95
2024-12-24,43297.03
2024-12-25,
2024-12-26,43325.80
2024-12-27,42992.21
2024-12-30,42573.73
2024-12-31,42544.22
2025-01-01,
2025-01-02,42392.27
2025-01-03,42732.13
2025-01-06,42706.56
2025-01-07,42528.36
2025-01-08,42635.20
2025-01-09,
2025-01-10,41938.45
2025-01-13,42297.12
2025-01-14,42518.28
2025-01-15,43221.55
2025-01-16,43153.13
2025-01-17,43487.83
2025-01-20,
2025-01-21,44025.81
2025-01-22,44156.73
2025-01-23,44565.07
2025-01-24,44424.25
2025-01-27,44713.58
2025-01-28,44850.35
2025-01-29,44713.52
2025-01-30,44882.13
2025-01-31,44544.66
2025-02-03,44421.91
2025-02-04,44556.04
2025-02-05,44873.28
2025-02-06,44747.63
2025-02-07,44303.40
2025-02-10,44470.41
2025-02-11,44593.65
2025-02-12,44368.56
2025-02-13,44711.43
2025-02-14,44546.08
2025-02-17,
2025-02-18,44556.34
2025-02-19,44627.59
2025-02-20,44176.65
2025-02-21,43428.02
2025-02-24,43461.21
2025-02-25,43621.16
2025-02-26,43433.12
2025-02-27,43239.50
2025-02-28,43840.91
2025-03-03,43191.24
2025-03-04,42520.99
2025-03-05,43006.59
2025-03-06,42579.08
2025-03-07,42801.72
